<ImportExportXml version="9.1.0.7019" SolutionPackageVersion="9.1" languagecode="1033" generatedBy="CrmLive" xmlns:xsi="http://www.w3.org/2001/XMLSchema-instance">
  <SolutionManifest>
    <UniqueName>Cloning</UniqueName>
    <LocalizedNames>
      <LocalizedName description="Record Cloning" languagecode="1033" />
    </LocalizedNames>
    <Descriptions>
      <Description description="Upgrade of Cloning for Single Parent and Single Child" languagecode="1033" />
    </Descriptions>
    <Version>1.1.0.1</Version>
    <Managed>1</Managed>
    <Publisher>
      <UniqueName>cloningpublisher</UniqueName>
      <LocalizedNames>
        <LocalizedName description="Mindtree" languagecode="1033" />
      </LocalizedNames>
      <Descriptions />
      <EMailAddress xsi:nil="true"></EMailAddress>
      <SupportingWebsiteUrl xsi:nil="true"></SupportingWebsiteUrl>
      <CustomizationPrefix>cln</CustomizationPrefix>
      <CustomizationOptionValuePrefix>85803</CustomizationOptionValuePrefix>
      <Addresses>
        <Address>
          <AddressNumber>1</AddressNumber>
          <AddressTypeCode>1</AddressTypeCode>
          <City xsi:nil="true"></City>
          <County xsi:nil="true"></County>
          <Country xsi:nil="true"></Country>
          <Fax xsi:nil="true"></Fax>
          <FreightTermsCode xsi:nil="true"></FreightTermsCode>
          <ImportSequenceNumber xsi:nil="true"></ImportSequenceNumber>
          <Latitude xsi:nil="true"></Latitude>
          <Line1 xsi:nil="true"></Line1>
          <Line2 xsi:nil="true"></Line2>
          <Line3 xsi:nil="true"></Line3>
          <Longitude xsi:nil="true"></Longitude>
          <Name xsi:nil="true"></Name>
          <PostalCode xsi:nil="true"></PostalCode>
          <PostOfficeBox xsi:nil="true"></PostOfficeBox>
          <PrimaryContactName xsi:nil="true"></PrimaryContactName>
          <ShippingMethodCode>1</ShippingMethodCode>
          <StateOrProvince xsi:nil="true"></StateOrProvince>
          <Telephone1 xsi:nil="true"></Telephone1>
          <Telephone2 xsi:nil="true"></Telephone2>
          <Telephone3 xsi:nil="true"></Telephone3>
          <TimeZoneRuleVersionNumber xsi:nil="true"></TimeZoneRuleVersionNumber>
          <UPSZone xsi:nil="true"></UPSZone>
          <UTCOffset xsi:nil="true"></UTCOffset>
          <UTCConversionTimeZoneCode xsi:nil="true"></UTCConversionTimeZoneCode>
        </Address>
        <Address>
          <AddressNumber>2</AddressNumber>
          <AddressTypeCode>1</AddressTypeCode>
          <City xsi:nil="true"></City>
          <County xsi:nil="true"></County>
          <Country xsi:nil="true"></Country>
          <Fax xsi:nil="true"></Fax>
          <FreightTermsCode xsi:nil="true"></FreightTermsCode>
          <ImportSequenceNumber xsi:nil="true"></ImportSequenceNumber>
          <Latitude xsi:nil="true"></Latitude>
          <Line1 xsi:nil="true"></Line1>
          <Line2 xsi:nil="true"></Line2>
          <Line3 xsi:nil="true"></Line3>
          <Longitude xsi:nil="true"></Longitude>
          <Name xsi:nil="true"></Name>
          <PostalCode xsi:nil="true"></PostalCode>
          <PostOfficeBox xsi:nil="true"></PostOfficeBox>
          <PrimaryContactName xsi:nil="true"></PrimaryContactName>
          <ShippingMethodCode>1</ShippingMethodCode>
          <StateOrProvince xsi:nil="true"></StateOrProvince>
          <Telephone1 xsi:nil="true"></Telephone1>
          <Telephone2 xsi:nil="true"></Telephone2>
          <Telephone3 xsi:nil="true"></Telephone3>
          <TimeZoneRuleVersionNumber xsi:nil="true"></TimeZoneRuleVersionNumber>
          <UPSZone xsi:nil="true"></UPSZone>
          <UTCOffset xsi:nil="true"></UTCOffset>
          <UTCConversionTimeZoneCode xsi:nil="true"></UTCConversionTimeZoneCode>
        </Address>
      </Addresses>
    </Publisher>
    <RootComponents>
      <RootComponent type="1" schemaName="cln_childcloningconfiguration" behavior="0" />
      <RootComponent type="1" schemaName="cln_cloningerrorlog" behavior="0" />
      <RootComponent type="1" schemaName="cln_entityconfiguration" behavior="0" />
      <RootComponent type="1" schemaName="cln_masterentity" behavior="0" />
      <RootComponent type="1" schemaName="cln_parentcloningconfiguration" behavior="0" />
      <RootComponent type="20" id="{1f6b9614-065d-e911-a83a-000d3a11e1c2}" behavior="0" />
      <RootComponent type="29" id="{0925912d-a75c-40a5-be15-898c94b5b7e6}" behavior="0" />
      <RootComponent type="29" id="{32f6b7df-09e8-45f9-9784-8962eff2c926}" behavior="0" />
      <RootComponent type="50" schemaName=":RibbonDiffXml" behavior="0" />
      <RootComponent type="60" id="{16654191-19ad-48ca-9e46-c4b4fbdad76f}" behavior="0" />
      <RootComponent type="60" id="{2f89d7ab-e513-41a1-90ea-3a31236cc078}" behavior="0" />
      <RootComponent type="60" id="{a49fbf72-3e5c-e911-a833-000d3a11e787}" behavior="0" />
      <RootComponent type="60" id="{afd6e14f-b1fe-4228-a4a1-f14fb575e830}" behavior="0" />
      <RootComponent type="60" id="{ddf817a8-60e9-48a9-ac59-ce02579cbd58}" behavior="0" />
      <RootComponent type="60" id="{f2ee7ef4-207c-43f4-a510-dfdc7127fadc}" behavior="0" />
      <RootComponent type="60" id="{fc29b061-0c7d-459d-8284-0114bffe0718}" behavior="0" />
      <RootComponent type="61" schemaName="cln_/DisplayChildEntities.html" behavior="0" />
      <RootComponent type="61" schemaName="cln_/EntityConfiguration/Ribbon.js" behavior="0" />
      <RootComponent type="61" schemaName="cln_ButtonOnclickofclone" behavior="0" />
      <RootComponent type="61" schemaName="cln_ChildCloningConfiguration" behavior="0" />
      <RootComponent type="61" schemaName="cln_CloneButtonImage" behavior="0" />
      <RootComponent type="61" schemaName="cln_CloningConfigurationCSS" behavior="0" />
      <RootComponent type="61" schemaName="cln_CommonJS" behavior="0" />
      <RootComponent type="61" schemaName="cln_DisplayChildEntitiesWebResourceHelper" behavior="0" />
      <RootComponent type="61" schemaName="cln_EntityConfiguration" behavior="0" />
      <RootComponent type="61" schemaName="cln_EntityConfigurationWebResourceHelper" behavior="0" />
      <RootComponent type="61" schemaName="cln_EntityMetadataWebResourceHelper" behavior="0" />
      <RootComponent type="61" schemaName="cln_EntityMetatdata" behavior="0" />
      <RootComponent type="61" schemaName="cln_progress" behavior="0" />
      <RootComponent type="61" schemaName="cln_RetrievCRMEntitites" behavior="0" />
      <RootComponent type="91" id="{a5068473-cc7e-487d-bc86-e7b107e53048}" schemaName="ParentChildRecordCloning, Version=1.0.0.0, Culture=neutral, PublicKeyToken=195d828e7e5db6bf" behavior="0" />
      <RootComponent type="92" id="{22958d10-f585-e911-a97c-000d3af2905b}" behavior="0" />
      <RootComponent type="92" id="{79b2f0ce-495b-e911-a83b-000d3a11e59b}" behavior="0" />
      <RootComponent type="92" id="{7b5e78a0-c690-e911-a97d-000d3af2905b}" behavior="0" />
      <RootComponent type="92" id="{83511609-d481-e911-a97c-000d3af2905b}" behavior="0" />
      <RootComponent type="92" id="{f6b8ff30-d481-e911-a97c-000d3af2905b}" behavior="0" />
    </RootComponents>
    <MissingDependencies>
      <MissingDependency>
        <Required key="0" type="59" schemaName="Tasks by Month Due" displayName="Tasks by Month Due" parentSchemaName="task" parentDisplayName="Task" solution="msdynce_AppCommon (9.0.4.0066)" id="{9e6a8b06-6d14-46e6-bbf5-95c388c6eb7a}" />
        <Dependent key="1" type="60" displayName="Cloning Dashboard" id="{a49fbf72-3e5c-e911-a833-000d3a11e787}" />
      </MissingDependency>
      <MissingDependency>
        <Required key="2" type="60" displayName="Task" parentDisplayName="Task" solution="msdynce_Activities (9.0.1.2033)" id="{16654191-19ad-48ca-9e46-c4b4fbdad76f}" />
        <Dependent key="2" type="60" displayName="Task" parentDisplayName="Task" id="{16654191-19ad-48ca-9e46-c4b4fbdad76f}" />
      </MissingDependency>
    </MissingDependencies>
  </SolutionManifest>
</ImportExportXml>